<?xml version="1.0" encoding="UTF-8"?>
<metadata xml:lang="en"><Esri><CreaDate>20191016</CreaDate><CreaTime>10554900</CreaTime><SyncOnce>FALSE</SyncOnce><SyncDate>20170705</SyncDate><SyncTime>16152600</SyncTime><ModDate>20170705</ModDate><ModTime>16152600</ModTime><DataProperties><lineage><Process ToolSource="C:\Archivos de programa\ArcGIS\ArcToolbox\Toolboxes\Data Management Tools.tbx\CopyFeatures" Date="20080312" Time="102401">CopyFeatures D:\nuevascapas2007\base2008.mdb\drenes2008 D:\nuevascapas2007\base2008v2.mdb\drenes2008 # 0 0 0</Process><Process Name="Intersect_1" ToolSource="C:\Archivos de programa\ArcGIS\ArcToolbox\Toolboxes\Analysis Tools.tbx\Intersect" Date="20080424" Time="111533">Intersect "drenes2008 #;comunas2008 #" C:\TEMP\borrables\riosintersect.shp ALL # LINE</Process><Process ToolSource="C:\Archivos de programa\ArcGIS\ArcToolbox\Toolboxes\Data Management Tools.tbx\CopyFeatures" Date="20080806" Time="102508">CopyFeatures D:\nuevascapas2007\base2008v2.mdb\drenes2008comuna "Database Connections\base 2008 cartografia wgs84.sde\sde.SDE.Mapa_Base\sde.SDE.drenes2008comuna" # 0 0 0</Process><Process ToolSource="c:\program files (x86)\arcgis\desktop10.1\ArcToolbox\Toolboxes\Data Management Tools.tbx\CalculateField" Date="20130930" Time="124205">CalculateField GEOSDE.drenes2008 NOMBRE "Río Leiva" VB #</Process><Process ToolSource="c:\program files (x86)\arcgis\desktop10.1\ArcToolbox\Toolboxes\Data Management Tools.tbx\CalculateField" Date="20130930" Time="124330">CalculateField GEOSDE.drenes2008 NOMBRE "Estero de la Angostura" VB #</Process><Process ToolSource="c:\program files (x86)\arcgis\desktop10.1\ArcToolbox\Toolboxes\Data Management Tools.tbx\CalculateField" Date="20130930" Time="124417">CalculateField GEOSDE.drenes2008 NOMBRE "Río Blanco" VB #</Process><Process ToolSource="c:\program files (x86)\arcgis\desktop10.2\ArcToolbox\Toolboxes\Data Management Tools.tbx\CalculateField" Date="20140915" Time="151938">CalculateField drenes2008 NIVELBCN 1 VB #</Process><Process ToolSource="c:\program files (x86)\arcgis\desktop10.2\ArcToolbox\Toolboxes\Data Management Tools.tbx\CalculateField" Date="20140915" Time="152320">CalculateField drenes2008 NIVELBCN 1 VB #</Process><Process ToolSource="c:\program files (x86)\arcgis\desktop10.2\ArcToolbox\Toolboxes\Data Management Tools.tbx\CalculateField" Date="20140915" Time="152406">CalculateField drenes2008 NIVELBCN 1 VB #</Process><Process ToolSource="c:\program files (x86)\arcgis\desktop10.2\ArcToolbox\Toolboxes\Data Management Tools.tbx\CalculateField" Date="20140915" Time="152446">CalculateField drenes2008 NIVELBCN 1 VB #</Process><Process ToolSource="c:\program files (x86)\arcgis\desktop10.2\ArcToolbox\Toolboxes\Data Management Tools.tbx\CalculateField" Date="20140915" Time="152525">CalculateField drenes2008 NIVELBCN 1 VB #</Process><Process ToolSource="c:\program files (x86)\arcgis\desktop10.2\ArcToolbox\Toolboxes\Data Management Tools.tbx\CalculateField" Date="20140915" Time="152553">CalculateField drenes2008 NIVELBCN 1 VB #</Process><Process ToolSource="c:\program files (x86)\arcgis\desktop10.2\ArcToolbox\Toolboxes\Data Management Tools.tbx\CalculateField" Date="20140915" Time="152639">CalculateField drenes2008 NIVELBCN 1 VB #</Process><Process ToolSource="c:\program files (x86)\arcgis\desktop10.2\ArcToolbox\Toolboxes\Data Management Tools.tbx\CalculateField" Date="20140915" Time="152659">CalculateField drenes2008 NIVELBCN 1 VB #</Process><Process ToolSource="c:\program files (x86)\arcgis\desktop10.2\ArcToolbox\Toolboxes\Data Management Tools.tbx\CalculateField" Date="20140915" Time="152808">CalculateField drenes2008 NIVELBCN 1 VB #</Process><Process ToolSource="c:\program files (x86)\arcgis\desktop10.2\ArcToolbox\Toolboxes\Data Management Tools.tbx\CalculateField" Date="20140915" Time="152954">CalculateField drenes2008 NIVELBCN 1 VB #</Process><Process ToolSource="c:\program files (x86)\arcgis\desktop10.2\ArcToolbox\Toolboxes\Data Management Tools.tbx\CalculateField" Date="20140915" Time="153022">CalculateField drenes2008 NIVELBCN 1 VB #</Process><Process ToolSource="c:\program files (x86)\arcgis\desktop10.2\ArcToolbox\Toolboxes\Data Management Tools.tbx\CalculateField" Date="20140915" Time="153139">CalculateField drenes2008 NIVELBCN 1 VB #</Process><Process ToolSource="c:\program files (x86)\arcgis\desktop10.2\ArcToolbox\Toolboxes\Data Management Tools.tbx\CalculateField" Date="20140915" Time="153458">CalculateField drenes2008 NIVELBCN 1 VB #</Process><Process ToolSource="c:\program files (x86)\arcgis\desktop10.2\ArcToolbox\Toolboxes\Data Management Tools.tbx\CalculateField" Date="20140915" Time="153606">CalculateField drenes2008 NIVELBCN 1 VB #</Process><Process ToolSource="c:\program files (x86)\arcgis\desktop10.2\ArcToolbox\Toolboxes\Data Management Tools.tbx\CalculateField" Date="20140915" Time="154243">CalculateField drenes2008 NIVELBCN 1 VB #</Process><Process ToolSource="c:\program files (x86)\arcgis\desktop10.5\ArcToolbox\Toolboxes\Data Management Tools.tbx\CopyFeatures" Date="20170705" Time="161018">CopyFeatures C:\Users\fmardones\Documents\respaldobdsiit\arcgisenero2014.gdb\Mapa_Base\drenes2008 C:\Users\fmardones\Documents\respaldobdsiit\VACIADO\drenes2008.shp # 0 0 0</Process><Process ToolSource="c:\program files (x86)\arcgis\desktop10.5\ArcToolbox\Toolboxes\Conversion Tools.tbx\FeatureClassToFeatureClass" Date="20170705" Time="161536">FeatureClassToFeatureClass C:\Users\fmardones\Documents\respaldobdsiit\VACIADO\drenes2008.shp C:\Users\fmardones\Documents\respaldobdsiit\BASESIIT2017.gdb\Hidrografia Red_Hidrografica_2017 # "FID_DRENES "FID_DRENES" true true false 10 Long 0 10 ,First,#,C:\Users\fmardones\Documents\respaldobdsiit\VACIADO\drenes2008.shp,FID_DRENES,-1,-1;TIPO_DREN "TIPO_DREN" true true false 36 Text 0 0 ,First,#,C:\Users\fmardones\Documents\respaldobdsiit\VACIADO\drenes2008.shp,TIPO_DREN,-1,-1;NOMBRE "NOMBRE" true true false 50 Text 0 0 ,First,#,C:\Users\fmardones\Documents\respaldobdsiit\VACIADO\drenes2008.shp,NOMBRE,-1,-1;NOM_REG "NOM_REG" true true false 50 Text 0 0 ,First,#,C:\Users\fmardones\Documents\respaldobdsiit\VACIADO\drenes2008.shp,NOM_REG,-1,-1;NOM_PROV "NOM_PROV" true true false 20 Text 0 0 ,First,#,C:\Users\fmardones\Documents\respaldobdsiit\VACIADO\drenes2008.shp,NOM_PROV,-1,-1;NOM_COM "NOM_COM" true true false 30 Text 0 0 ,First,#,C:\Users\fmardones\Documents\respaldobdsiit\VACIADO\drenes2008.shp,NOM_COM,-1,-1;DIS_ELEC_1 "DIS_ELEC_1" true true false 5 Long 0 5 ,First,#,C:\Users\fmardones\Documents\respaldobdsiit\VACIADO\drenes2008.shp,DIS_ELEC_1,-1,-1;CIR_SENA_1 "CIR_SENA_1" true true false 5 Long 0 5 ,First,#,C:\Users\fmardones\Documents\respaldobdsiit\VACIADO\drenes2008.shp,CIR_SENA_1,-1,-1;COD_COMUNA "COD_COMUNA" true true false 5 Long 0 5 ,First,#,C:\Users\fmardones\Documents\respaldobdsiit\VACIADO\drenes2008.shp,COD_COMUNA,-1,-1;SHAPE_LE_2 "SHAPE_LE_2" true true false 19 Double 0 0 ,First,#,C:\Users\fmardones\Documents\respaldobdsiit\VACIADO\drenes2008.shp,SHAPE_LE_2,-1,-1;SHAPE_Leng "SHAPE_Leng" true true false 19 Double 0 0 ,First,#,C:\Users\fmardones\Documents\respaldobdsiit\VACIADO\drenes2008.shp,SHAPE_Leng,-1,-1;NIVELBCN "NIVELBCN" true true false 5 Long 0 5 ,First,#,C:\Users\fmardones\Documents\respaldobdsiit\VACIADO\drenes2008.shp,NIVELBCN,-1,-1" #</Process><Process ToolSource="c:\program files (x86)\arcgis\desktop10.5\ArcToolbox\Toolboxes\Data Management Tools.tbx\CalculateField" Date="20180523" Time="092925">CalculateField siit2017.sde.Red_Hidrografica_2017 tipo_dren "Estero" VB #</Process><Process ToolSource="c:\program files (x86)\arcgis\desktop10.5\ArcToolbox\Toolboxes\Data Management Tools.tbx\CalculateField" Date="20180730" Time="094028">CalculateField siit2017.sde.Red_Hidrografica_2017 tipo_dren "Quebrada Intermitente" VB #</Process><Process ToolSource="c:\program files (x86)\arcgis\desktop10.5\ArcToolbox\Toolboxes\Data Management Tools.tbx\CalculateField" Date="20180920" Time="113545">CalculateField siit2017.sde.Red_Hidrografica_2017 nivelbcn 1 VB #</Process><Process ToolSource="c:\program files (x86)\arcgis\desktop10.5\ArcToolbox\Toolboxes\Data Management Tools.tbx\CalculateField" Date="20180920" Time="113730">CalculateField siit2017.sde.Red_Hidrografica_2017 nivelbcn 1 VB #</Process><Process ToolSource="c:\program files (x86)\arcgis\desktop10.5\ArcToolbox\Toolboxes\Data Management Tools.tbx\CalculateField" Date="20180920" Time="113813">CalculateField siit2017.sde.Red_Hidrografica_2017 nivelbcn 1 VB #</Process><Process ToolSource="c:\program files (x86)\arcgis\desktop10.5\ArcToolbox\Toolboxes\Data Management Tools.tbx\CalculateField" Date="20180920" Time="114000">CalculateField siit2017.sde.Red_Hidrografica_2017 nivelbcn 1 VB #</Process><Process ToolSource="c:\program files (x86)\arcgis\desktop10.5\ArcToolbox\Toolboxes\Data Management Tools.tbx\CalculateField" Date="20180920" Time="115719">CalculateField siit2017.sde.Red_Hidrografica_2017 nivelbcn 0 VB #</Process><Process ToolSource="c:\program files (x86)\arcgis\desktop10.5\ArcToolbox\Toolboxes\Data Management Tools.tbx\CalculateField" Date="20180920" Time="122049">CalculateField siit2017.sde.Red_Hidrografica_2017 nivelbcn 0 VB #</Process><Process ToolSource="c:\program files (x86)\arcgis\desktop10.5\ArcToolbox\Toolboxes\Data Management Tools.tbx\CalculateField" Date="20180920" Time="123842">CalculateField siit2017.sde.Red_Hidrografica_2017 nivelbcn 0 VB #</Process><Process ToolSource="c:\program files (x86)\arcgis\desktop10.5\ArcToolbox\Toolboxes\Data Management Tools.tbx\CalculateField" Date="20180920" Time="124033">CalculateField siit2017.sde.Red_Hidrografica_2017 nivelbcn 1 VB #</Process><Process ToolSource="c:\program files (x86)\arcgis\desktop10.5\ArcToolbox\Toolboxes\Data Management Tools.tbx\CalculateField" Date="20180921" Time="152704">CalculateField siit2017.sde.Red_Hidrografica_2017 tipo_dren "Quebrada Intermitente" VB #</Process><Process ToolSource="c:\program files (x86)\arcgis\desktop10.5\ArcToolbox\Toolboxes\Data Management Tools.tbx\CalculateField" Date="20180921" Time="162131">CalculateField siit2017.sde.Red_Hidrografica_2017 tipo_dren "Quebrada" VB #</Process><Process ToolSource="c:\program files (x86)\arcgis\desktop10.5\ArcToolbox\Toolboxes\Data Management Tools.tbx\CalculateField" Date="20181011" Time="150843">CalculateField siit2017.sde.Red_Hidrografica_2017 tipo_dren "Quebrada" VB #</Process><Process ToolSource="c:\program files (x86)\arcgis\desktop10.5\ArcToolbox\Toolboxes\Data Management Tools.tbx\CalculateField" Date="20181011" Time="151756">CalculateField siit2017.sde.Red_Hidrografica_2017 tipo_dren "Quebrada" VB #</Process><Process ToolSource="c:\program files (x86)\arcgis\desktop10.5\ArcToolbox\Toolboxes\Data Management Tools.tbx\CalculateField" Date="20181011" Time="151908">CalculateField siit2017.sde.Red_Hidrografica_2017 tipo_dren "Quebrada" VB #</Process><Process ToolSource="c:\program files (x86)\arcgis\desktop10.5\ArcToolbox\Toolboxes\Data Management Tools.tbx\CalculateField" Date="20181011" Time="151958">CalculateField siit2017.sde.Red_Hidrografica_2017 tipo_dren "Quebrada" VB #</Process><Process ToolSource="c:\program files (x86)\arcgis\desktop10.5\ArcToolbox\Toolboxes\Data Management Tools.tbx\CalculateField" Date="20181011" Time="152039">CalculateField siit2017.sde.Red_Hidrografica_2017 tipo_dren "Quebrada" VB #</Process><Process ToolSource="c:\program files (x86)\arcgis\desktop10.5\ArcToolbox\Toolboxes\Data Management Tools.tbx\CalculateField" Date="20181011" Time="152102">CalculateField siit2017.sde.Red_Hidrografica_2017 tipo_dren "Quebrada" VB #</Process><Process ToolSource="c:\program files (x86)\arcgis\desktop10.5\ArcToolbox\Toolboxes\Data Management Tools.tbx\CalculateField" Date="20181011" Time="152145">CalculateField siit2017.sde.Red_Hidrografica_2017 tipo_dren "Quebrada" VB #</Process><Process ToolSource="c:\program files (x86)\arcgis\desktop10.5\ArcToolbox\Toolboxes\Data Management Tools.tbx\CalculateField" Date="20181011" Time="152910">CalculateField siit2017.sde.Red_Hidrografica_2017 tipo_dren "Quebrada" VB #</Process><Process ToolSource="c:\program files (x86)\arcgis\desktop10.5\ArcToolbox\Toolboxes\Data Management Tools.tbx\CalculateField" Date="20181011" Time="153239">CalculateField siit2017.sde.Red_Hidrografica_2017 tipo_dren "Quebrada" VB #</Process><Process ToolSource="c:\program files (x86)\arcgis\desktop10.5\ArcToolbox\Toolboxes\Data Management Tools.tbx\CalculateField" Date="20181011" Time="154841">CalculateField siit2017.sde.Red_Hidrografica_2017 tipo_dren "Quebrada" VB #</Process><Process ToolSource="c:\program files (x86)\arcgis\desktop10.5\ArcToolbox\Toolboxes\Data Management Tools.tbx\CalculateField" Date="20181011" Time="154924">CalculateField siit2017.sde.Red_Hidrografica_2017 tipo_dren "Quebrada" VB #</Process><Process ToolSource="c:\program files (x86)\arcgis\desktop10.5\ArcToolbox\Toolboxes\Data Management Tools.tbx\CalculateField" Date="20181011" Time="155010">CalculateField siit2017.sde.Red_Hidrografica_2017 tipo_dren "Quebrada" VB #</Process><Process ToolSource="c:\program files (x86)\arcgis\desktop10.5\ArcToolbox\Toolboxes\Data Management Tools.tbx\CalculateField" Date="20181011" Time="155047">CalculateField siit2017.sde.Red_Hidrografica_2017 tipo_dren "Quebrada" VB #</Process><Process ToolSource="c:\program files (x86)\arcgis\desktop10.5\ArcToolbox\Toolboxes\Data Management Tools.tbx\CalculateField" Date="20181011" Time="155140">CalculateField siit2017.sde.Red_Hidrografica_2017 tipo_dren "Quebrada" VB #</Process><Process ToolSource="c:\program files (x86)\arcgis\desktop10.5\ArcToolbox\Toolboxes\Data Management Tools.tbx\CalculateField" Date="20181011" Time="155410">CalculateField siit2017.sde.Red_Hidrografica_2017 tipo_dren "Quebrada" VB #</Process><Process ToolSource="c:\program files (x86)\arcgis\desktop10.5\ArcToolbox\Toolboxes\Data Management Tools.tbx\CalculateField" Date="20181011" Time="155456">CalculateField siit2017.sde.Red_Hidrografica_2017 tipo_dren "Quebrada" VB #</Process><Process ToolSource="c:\program files (x86)\arcgis\desktop10.5\ArcToolbox\Toolboxes\Data Management Tools.tbx\CalculateField" Date="20181011" Time="160838">CalculateField siit2017.sde.Red_Hidrografica_2017 tipo_dren "Quebrada" VB #</Process><Process ToolSource="c:\program files (x86)\arcgis\desktop10.5\ArcToolbox\Toolboxes\Data Management Tools.tbx\CalculateField" Date="20181011" Time="160904">CalculateField siit2017.sde.Red_Hidrografica_2017 tipo_dren "Quebrada" VB #</Process><Process ToolSource="c:\program files (x86)\arcgis\desktop10.5\ArcToolbox\Toolboxes\Data Management Tools.tbx\CalculateField" Date="20181011" Time="160948">CalculateField siit2017.sde.Red_Hidrografica_2017 tipo_dren "Quebrada" VB #</Process><Process ToolSource="c:\program files (x86)\arcgis\desktop10.5\ArcToolbox\Toolboxes\Data Management Tools.tbx\CalculateField" Date="20181011" Time="161031">CalculateField siit2017.sde.Red_Hidrografica_2017 tipo_dren "Quebrada" VB #</Process><Process ToolSource="c:\program files (x86)\arcgis\desktop10.5\ArcToolbox\Toolboxes\Data Management Tools.tbx\CalculateField" Date="20181011" Time="161100">CalculateField siit2017.sde.Red_Hidrografica_2017 tipo_dren "Quebrada" VB #</Process><Process ToolSource="c:\program files (x86)\arcgis\desktop10.5\ArcToolbox\Toolboxes\Data Management Tools.tbx\CalculateField" Date="20181011" Time="161153">CalculateField siit2017.sde.Red_Hidrografica_2017 tipo_dren "Quebrada" VB #</Process><Process ToolSource="c:\program files (x86)\arcgis\desktop10.5\ArcToolbox\Toolboxes\Data Management Tools.tbx\CalculateField" Date="20181011" Time="161218">CalculateField siit2017.sde.Red_Hidrografica_2017 tipo_dren "Quebrada" VB #</Process><Process ToolSource="c:\program files (x86)\arcgis\desktop10.5\ArcToolbox\Toolboxes\Data Management Tools.tbx\CalculateField" Date="20181011" Time="162607">CalculateField siit2017.sde.Red_Hidrografica_2017 tipo_dren "Quebrada" VB #</Process><Process ToolSource="c:\program files (x86)\arcgis\desktop10.5\ArcToolbox\Toolboxes\Data Management Tools.tbx\CalculateField" Date="20181011" Time="162628">CalculateField siit2017.sde.Red_Hidrografica_2017 tipo_dren "Quebrada" VB #</Process><Process ToolSource="c:\program files (x86)\arcgis\desktop10.5\ArcToolbox\Toolboxes\Data Management Tools.tbx\CalculateField" Date="20181011" Time="162710">CalculateField siit2017.sde.Red_Hidrografica_2017 tipo_dren "Quebrada" VB #</Process><Process ToolSource="c:\program files (x86)\arcgis\desktop10.5\ArcToolbox\Toolboxes\Data Management Tools.tbx\CalculateField" Date="20181011" Time="162835">CalculateField siit2017.sde.Red_Hidrografica_2017 tipo_dren "Quebrada" VB #</Process><Process ToolSource="c:\program files (x86)\arcgis\desktop10.5\ArcToolbox\Toolboxes\Data Management Tools.tbx\CalculateField" Date="20181011" Time="162941">CalculateField siit2017.sde.Red_Hidrografica_2017 tipo_dren "Quebrada" VB #</Process><Process ToolSource="c:\program files (x86)\arcgis\desktop10.5\ArcToolbox\Toolboxes\Data Management Tools.tbx\CalculateField" Date="20181011" Time="162954">CalculateField siit2017.sde.Red_Hidrografica_2017 tipo_dren "Quebrada" VB #</Process><Process ToolSource="c:\program files (x86)\arcgis\desktop10.5\ArcToolbox\Toolboxes\Data Management Tools.tbx\CalculateField" Date="20181011" Time="163436">CalculateField siit2017.sde.Red_Hidrografica_2017 tipo_dren "Quebrada" VB #</Process><Process ToolSource="c:\program files (x86)\arcgis\desktop10.5\ArcToolbox\Toolboxes\Data Management Tools.tbx\CalculateField" Date="20181011" Time="172905">CalculateField siit2017.sde.Red_Hidrografica_2017 tipo_dren "Quebrada" VB #</Process><Process ToolSource="c:\program files (x86)\arcgis\desktop10.5\ArcToolbox\Toolboxes\Data Management Tools.tbx\CalculateField" Date="20181011" Time="172940">CalculateField siit2017.sde.Red_Hidrografica_2017 tipo_dren "Quebrada" VB #</Process><Process ToolSource="c:\program files (x86)\arcgis\desktop10.5\ArcToolbox\Toolboxes\Data Management Tools.tbx\CalculateField" Date="20181011" Time="173028">CalculateField siit2017.sde.Red_Hidrografica_2017 tipo_dren "Quebrada" VB #</Process><Process ToolSource="c:\program files (x86)\arcgis\desktop10.6\ArcToolbox\Toolboxes\Data Management Tools.tbx\CalculateField" Date="20190617" Time="161331">CalculateField Red_Hidrografica Nombre_D [nombre] VB #</Process><Process ToolSource="c:\program files (x86)\arcgis\desktop10.6\ArcToolbox\Toolboxes\Data Management Tools.tbx\CalculateField" Date="20190617" Time="162008">CalculateField Red_Hidrografica Nombre [Nombre_D] VB #</Process><Process ToolSource="c:\program files (x86)\arcgis\desktop10.6\ArcToolbox\Toolboxes\Data Management Tools.tbx\CalculateField" Date="20190617" Time="162055">CalculateField Red_Hidrografica Dren_Tipo [tipo_dren] VB #</Process><Process ToolSource="c:\program files (x86)\arcgis\desktop10.6\ArcToolbox\Toolboxes\Data Management Tools.tbx\CalculateField" Date="20190617" Time="162642">CalculateField Red_Hidrografica Region [nom_reg] VB #</Process><Process ToolSource="c:\program files (x86)\arcgis\desktop10.6\ArcToolbox\Toolboxes\Data Management Tools.tbx\CalculateField" Date="20190617" Time="162728">CalculateField Red_Hidrografica Provincia [nom_reg] VB #</Process><Process ToolSource="c:\program files (x86)\arcgis\desktop10.6\ArcToolbox\Toolboxes\Data Management Tools.tbx\CalculateField" Date="20190617" Time="162831">CalculateField Red_Hidrografica Provincia [nom_prov] VB #</Process><Process ToolSource="c:\program files (x86)\arcgis\desktop10.6\ArcToolbox\Toolboxes\Data Management Tools.tbx\CalculateField" Date="20190617" Time="162930">CalculateField Red_Hidrografica Comuna [nom_com] VB #</Process></lineage><itemProps><itemLocation><linkage Sync="TRUE">file://\\BCN004672\Users\jutreras\Desktop\Owncloud_BCN\WEB Final\Red_Hidrografica</linkage><protocol Sync="TRUE">Local Area Network</protocol></itemLocation><itemName Sync="TRUE">Red_Hidrografica_2017</itemName><imsContentType Sync="TRUE">002</imsContentType><itemSize Sync="TRUE">0.000</itemSize></itemProps><coordRef><type Sync="TRUE">Projected</type><geogcsn Sync="TRUE">GCS_WGS_1984</geogcsn><csUnits Sync="TRUE">Linear Unit: Meter (1.000000)</csUnits><projcsn Sync="TRUE">WGS_1984_UTM_Zone_19S</projcsn><peXml Sync="TRUE">&lt;ProjectedCoordinateSystem xsi:type='typens:ProjectedCoordinateSystem' xmlns:xsi='http://www.w3.org/2001/XMLSchema-instance' xmlns:xs='http://www.w3.org/2001/XMLSchema' xmlns:typens='http://www.esri.com/schemas/ArcGIS/10.5'&gt;&lt;WKT&gt;PROJCS[&amp;quot;WGS_1984_UTM_Zone_19S&amp;quot;,GEOGCS[&amp;quot;GCS_WGS_1984&amp;quot;,DATUM[&amp;quot;D_WGS_1984&amp;quot;,SPHEROID[&amp;quot;WGS_1984&amp;quot;,6378137.0,298.257223563]],PRIMEM[&amp;quot;Greenwich&amp;quot;,0.0],UNIT[&amp;quot;Degree&amp;quot;,0.0174532925199433]],PROJECTION[&amp;quot;Transverse_Mercator&amp;quot;],PARAMETER[&amp;quot;False_Easting&amp;quot;,500000.0],PARAMETER[&amp;quot;False_Northing&amp;quot;,10000000.0],PARAMETER[&amp;quot;Central_Meridian&amp;quot;,-69.0],PARAMETER[&amp;quot;Scale_Factor&amp;quot;,0.9996],PARAMETER[&amp;quot;Latitude_Of_Origin&amp;quot;,0.0],UNIT[&amp;quot;Meter&amp;quot;,1.0],AUTHORITY[&amp;quot;EPSG&amp;quot;,32719]]&lt;/WKT&gt;&lt;XOrigin&gt;-5120900&lt;/XOrigin&gt;&lt;YOrigin&gt;1900&lt;/YOrigin&gt;&lt;XYScale&gt;10000&lt;/XYScale&gt;&lt;ZOrigin&gt;-100000&lt;/ZOrigin&gt;&lt;ZScale&gt;10000&lt;/ZScale&gt;&lt;MOrigin&gt;-100000&lt;/MOrigin&gt;&lt;MScale&gt;10000&lt;/MScale&gt;&lt;XYTolerance&gt;0.001&lt;/XYTolerance&gt;&lt;ZTolerance&gt;0.001&lt;/ZTolerance&gt;&lt;MTolerance&gt;0.001&lt;/MTolerance&gt;&lt;HighPrecision&gt;true&lt;/HighPrecision&gt;&lt;WKID&gt;32719&lt;/WKID&gt;&lt;LatestWKID&gt;32719&lt;/LatestWKID&gt;&lt;/ProjectedCoordinateSystem&gt;</peXml></coordRef><copyHistory><copy source="C:\Users\jutreras\Desktop\Capas\Red_Hidrografica" dest="\\BCN004672\Users\jutreras\Desktop\Owncloud_BCN\WEB Final\Red_Hidrografica" date="20191016" time="10554900"></copy></copyHistory></DataProperties><ArcGISFormat>1.0</ArcGISFormat></Esri><idinfo><native Sync="TRUE">Microsoft Windows XP Version 5.1 (Build 2600) Service Pack 2; ESRI ArcCatalog 9.2.0.1324</native><descript><langdata Sync="TRUE">es</langdata><abstract>REQUIRED: A brief narrative summary of the data set.</abstract><purpose>REQUIRED: A summary of the intentions with which the data set was developed.</purpose></descript><citation><citeinfo><origin>REQUIRED: The name of an organization or individual that developed the data set.</origin><pubdate>REQUIRED: The date when the data set is published or otherwise made available for release.</pubdate><title Sync="TRUE">sde.SDE.drenes2008comuna</title><ftname Sync="TRUE">sde.SDE.drenes2008comuna</ftname><geoform Sync="TRUE">vector digital data</geoform><onlink Sync="TRUE">Server=172.22.110.36; Service=5151; Database=sde; User=geosde; Version=SDE.DEFAULT</onlink></citeinfo></citation><timeperd><current>REQUIRED: The basis on which the time period of content information is determined.</current><timeinfo><sngdate><caldate>REQUIRED: The year (and optionally month, or month and day) for which the data set corresponds to the ground.</caldate></sngdate></timeinfo></timeperd><status><progress>REQUIRED: The state of the data set.</progress><update>REQUIRED: The frequency with which changes and additions are made to the data set after the initial data set is completed.</update></status><spdom><bounding><westbc Sync="TRUE">REQUIRED: Western-most coordinate of the limit of coverage expressed in longitude.</westbc><eastbc Sync="TRUE">REQUIRED: Eastern-most coordinate of the limit of coverage expressed in longitude.</eastbc><northbc Sync="TRUE">REQUIRED: Northern-most coordinate of the limit of coverage expressed in latitude.</northbc><southbc Sync="TRUE">REQUIRED: Southern-most coordinate of the limit of coverage expressed in latitude.</southbc></bounding></spdom><keywords><theme><themekt>REQUIRED: Reference to a formally registered thesaurus or a similar authoritative source of theme keywords.</themekt><themekey>REQUIRED: Common-use word or phrase used to describe the subject of the data set.</themekey></theme></keywords><accconst>REQUIRED: Restrictions and legal prerequisites for accessing the data set.</accconst><useconst>REQUIRED: Restrictions and legal prerequisites for using the data set after access is granted.</useconst><natvform Sync="TRUE">SDE Feature Class</natvform></idinfo><dataIdInfo><envirDesc Sync="TRUE"> Version 6.2 (Build 9200) ; Esri ArcGIS 10.5.0.6491</envirDesc><dataLang><languageCode Sync="TRUE" value="spa"></languageCode><countryCode value="CHL" Sync="TRUE"></countryCode></dataLang><idCitation><resTitle Sync="TRUE">Red_Hidrografica_2017</resTitle><presForm><PresFormCd Sync="TRUE" value="005"></PresFormCd></presForm></idCitation><spatRpType><SpatRepTypCd Sync="TRUE" value="001"></SpatRepTypCd></spatRpType></dataIdInfo><metainfo><langmeta Sync="TRUE">es</langmeta><metstdn Sync="TRUE">FGDC Content Standards for Digital Geospatial Metadata</metstdn><metstdv Sync="TRUE">FGDC-STD-001-1998</metstdv><mettc Sync="TRUE">local time</mettc><metc><cntinfo><cntorgp><cntper>REQUIRED: The person responsible for the metadata information.</cntper><cntorg>REQUIRED: The organization responsible for the metadata information.</cntorg></cntorgp><cntaddr><addrtype>REQUIRED: The mailing and/or physical address for the organization or individual.</addrtype><city>REQUIRED: The city of the address.</city><state>REQUIRED: The state or province of the address.</state><postal>REQUIRED: The ZIP or other postal code of the address.</postal></cntaddr><cntvoice>REQUIRED: The telephone number by which individuals can speak to the organization or individual.</cntvoice></cntinfo></metc><metd Sync="TRUE">20080806</metd></metainfo><mdLang><languageCode Sync="TRUE" value="spa"></languageCode><countryCode value="CHL" Sync="TRUE"></countryCode></mdLang><mdStanName Sync="TRUE">ISO 19115 Geographic Information - Metadata</mdStanName><mdStanVer Sync="TRUE">DIS_ESRI1.0</mdStanVer><mdChar><CharSetCd Sync="TRUE" value="004"></CharSetCd></mdChar><mdHrLv><ScopeCd Sync="TRUE" value="005"></ScopeCd></mdHrLv><mdHrLvName Sync="TRUE">dataset</mdHrLvName><distinfo><resdesc Sync="TRUE">Downloadable Data</resdesc><stdorder><digform><digtinfo><transize Sync="TRUE">0,000</transize><dssize Sync="TRUE">0,000</dssize></digtinfo></digform></stdorder></distinfo><distInfo><distributor><distorTran><onLineSrc><orDesc Sync="TRUE">002</orDesc><linkage Sync="TRUE">Server=172.22.110.36; Service=5151; Database=sde; User=geosde; Version=SDE.DEFAULT</linkage><protocol Sync="TRUE">ArcSDE Connection</protocol></onLineSrc><transSize Sync="TRUE">0,000</transSize></distorTran><distorFormat><formatName Sync="TRUE">SDE Feature Class</formatName></distorFormat></distributor><distFormat><formatName Sync="TRUE">File Geodatabase Feature Class</formatName></distFormat><distTranOps><transSize Sync="TRUE">0.000</transSize></distTranOps></distInfo><spdoinfo><direct Sync="TRUE">Vector</direct><ptvctinf><esriterm Name="Red_Hidrografica_2017"><efeatyp Sync="TRUE">Simple</efeatyp><efeageom code="3" Sync="TRUE"></efeageom><esritopo Sync="TRUE">FALSE</esritopo><efeacnt Sync="TRUE">0</efeacnt><spindex Sync="TRUE">TRUE</spindex><linrefer Sync="TRUE">FALSE</linrefer></esriterm></ptvctinf></spdoinfo><spref><horizsys><cordsysn><geogcsn Sync="TRUE">GCS_WGS_1984</geogcsn><projcsn Sync="TRUE">WGS_1984_UTM_Zone_19S</projcsn></cordsysn><planar><planci><plance Sync="TRUE">coordinate pair</plance><plandu Sync="TRUE">meters</plandu><coordrep><absres Sync="TRUE">0.000100</absres><ordres Sync="TRUE">0.000100</ordres></coordrep></planci></planar><geodetic><horizdn Sync="TRUE">D_WGS_1984</horizdn><ellips Sync="TRUE">WGS_1984</ellips><semiaxis Sync="TRUE">6378137.000000</semiaxis><denflat Sync="TRUE">298.257224</denflat></geodetic></horizsys><vertdef><altsys><altenc Sync="TRUE">Explicit elevation coordinate included with horizontal coordinates</altenc><altres Sync="TRUE">1.000000</altres></altsys></vertdef></spref><refSysInfo><RefSystem><refSysID><identCode Sync="TRUE" code="32719">WGS_1984_UTM_Zone_19S</identCode><idCodeSpace Sync="TRUE">EPSG</idCodeSpace><idVersion Sync="TRUE">2.1(3.0.1)</idVersion></refSysID></RefSystem></refSysInfo><spatRepInfo><VectSpatRep><geometObjs Name="Red_Hidrografica_2017"><geoObjTyp><GeoObjTypCd value="002" Sync="TRUE"></GeoObjTypCd></geoObjTyp><geoObjCnt Sync="TRUE">0</geoObjCnt></geometObjs><topLvl><TopoLevCd value="001" Sync="TRUE"></TopoLevCd></topLvl></VectSpatRep></spatRepInfo><eainfo><detailed Name="Red_Hidrografica_2017"><attr><attrlabl Sync="TRUE">NOMBRE</attrlabl><attalias Sync="TRUE">NOMBRE</attalias><attrtype Sync="TRUE">String</attrtype><attwidth Sync="TRUE">50</attwidth><atprecis Sync="TRUE">0</atprecis><attscale Sync="TRUE">0</attscale></attr><attr><attrlabl Sync="TRUE">NIVELBCN</attrlabl><attalias Sync="TRUE">OBJECTID</attalias><attrtype Sync="TRUE">OID</attrtype><attwidth Sync="TRUE">4</attwidth><atprecis Sync="TRUE">0</atprecis><attscale Sync="TRUE">0</attscale><attrdef Sync="TRUE">Internal feature number.</attrdef><attrdefs Sync="TRUE">Esri</attrdefs><attrdomv><udom Sync="TRUE">Sequential unique whole numbers that are automatically generated.</udom></attrdomv></attr><attr><attrlabl Sync="TRUE">Shape_Le_2</attrlabl><attalias Sync="TRUE">SHAPE_LE_2</attalias><attrtype Sync="TRUE">Double</attrtype><attwidth Sync="TRUE">8</attwidth><atprecis Sync="TRUE">0</atprecis><attscale Sync="TRUE">0</attscale><attrdef Sync="TRUE">Internal feature number.</attrdef><attrdefs Sync="TRUE">Esri</attrdefs><attrdomv><udom Sync="TRUE">Sequential unique whole numbers that are automatically generated.</udom></attrdomv></attr><enttyp><enttypl Sync="TRUE">Red_Hidrografica_2017</enttypl><enttypt Sync="TRUE">Feature Class</enttypt><enttypc Sync="TRUE">0</enttypc></enttyp><attr><attrlabl Sync="TRUE">SHAPE</attrlabl><attalias Sync="TRUE">Shape</attalias><attrtype Sync="TRUE">Geometry</attrtype><attwidth Sync="TRUE">0</attwidth><attrdef Sync="TRUE">Feature geometry.</attrdef><attrdefs Sync="TRUE">ESRI</attrdefs><attrdomv><udom Sync="TRUE">Coordinates defining the features.</udom></attrdomv><atprecis Sync="TRUE">0</atprecis><attscale Sync="TRUE">0</attscale></attr><attr><attrlabl Sync="TRUE">Shape</attrlabl><attalias Sync="TRUE">FID_DRENES</attalias><attrtype Sync="TRUE">Integer</attrtype><attwidth Sync="TRUE">4</attwidth><attrdef Sync="TRUE">Feature geometry.</attrdef><attrdefs Sync="TRUE">ESRI</attrdefs><attrdomv><udom Sync="TRUE">Coordinates defining the features.</udom></attrdomv><atprecis Sync="TRUE">0</atprecis><attscale Sync="TRUE">0</attscale></attr><attr><attrlabl Sync="TRUE">FID_drenes</attrlabl><attalias Sync="TRUE">NOM_REG</attalias><attrtype Sync="TRUE">String</attrtype><attwidth Sync="TRUE">50</attwidth><atprecis Sync="TRUE">0</atprecis><attscale Sync="TRUE">0</attscale></attr><attr><attrlabl Sync="TRUE">NOM_REG</attrlabl><attalias Sync="TRUE">NOM_PROV</attalias><attrtype Sync="TRUE">String</attrtype><attwidth Sync="TRUE">20</attwidth><atprecis Sync="TRUE">0</atprecis><attscale Sync="TRUE">0</attscale></attr><attr><attrlabl Sync="TRUE">NOM_PROV</attrlabl><attalias Sync="TRUE">NOM_COM</attalias><attrtype Sync="TRUE">String</attrtype><attwidth Sync="TRUE">30</attwidth><atprecis Sync="TRUE">0</atprecis><attscale Sync="TRUE">0</attscale></attr><attr><attrlabl Sync="TRUE">NOM_COM</attrlabl><attalias Sync="TRUE">DIS_ELEC_1</attalias><attrtype Sync="TRUE">Integer</attrtype><attwidth Sync="TRUE">4</attwidth><atprecis Sync="TRUE">0</atprecis><attscale Sync="TRUE">0</attscale></attr><attr><attrlabl Sync="TRUE">DIS_ELEC_1</attrlabl><attalias Sync="TRUE">CIR_SENA_1</attalias><attrtype Sync="TRUE">Integer</attrtype><attwidth Sync="TRUE">4</attwidth><atprecis Sync="TRUE">0</atprecis><attscale Sync="TRUE">0</attscale></attr><attr><attrlabl Sync="TRUE">Cir_Sena_1</attrlabl><attalias Sync="TRUE">COD_COMUNA</attalias><attrtype Sync="TRUE">Integer</attrtype><attwidth Sync="TRUE">4</attwidth><atprecis Sync="TRUE">0</atprecis><attscale Sync="TRUE">0</attscale></attr><attr><attrlabl Sync="TRUE">COD_COMUNA</attrlabl><attalias Sync="TRUE">TIPO_DREN</attalias><attrtype Sync="TRUE">String</attrtype><attwidth Sync="TRUE">36</attwidth><atprecis Sync="TRUE">0</atprecis><attscale Sync="TRUE">0</attscale></attr><attr><attrlabl Sync="TRUE">TIPO_DREN</attrlabl><attalias Sync="TRUE">SHAPE_Leng</attalias><attrtype Sync="TRUE">Double</attrtype><attwidth Sync="TRUE">8</attwidth><atprecis Sync="TRUE">0</atprecis><attscale Sync="TRUE">0</attscale></attr><attr><attrlabl Sync="TRUE">SHAPE_Leng</attrlabl><attalias Sync="TRUE">NIVELBCN</attalias><attrtype Sync="TRUE">Integer</attrtype><attwidth Sync="TRUE">4</attwidth><atprecis Sync="TRUE">0</atprecis><attscale Sync="TRUE">0</attscale></attr><attr><attrlabl Sync="TRUE">Shape_Length</attrlabl><attalias Sync="TRUE">Shape_Length</attalias><attrtype Sync="TRUE">Double</attrtype><attwidth Sync="TRUE">8</attwidth><atprecis Sync="TRUE">0</atprecis><attscale Sync="TRUE">0</attscale><attrdef Sync="TRUE">Length of feature in internal units.</attrdef><attrdefs Sync="TRUE">Esri</attrdefs><attrdomv><udom Sync="TRUE">Positive real numbers that are automatically generated.</udom></attrdomv></attr></detailed></eainfo><mdDateSt Sync="TRUE">20170705</mdDateSt><dataqual><lineage><procstep><procdesc Sync="TRUE">Dataset copied.</procdesc><srcused Sync="TRUE"></srcused><date Sync="TRUE">20080430</date><time Sync="TRUE">17035000</time></procstep><procstep><procdesc Sync="TRUE">Dataset copied.</procdesc><srcused Sync="TRUE">Server=cosmos; Service=5151; Database=sde; User=sde; Version=sde.DEFAULT</srcused><procdate Sync="TRUE">20090403</procdate><proctime Sync="TRUE">13271000</proctime></procstep><procstep><procdesc Sync="TRUE">Dataset copied.</procdesc><srcused Sync="TRUE">Server=172.21.21.39; Service=5151:sde; User=geosde; Version=SDE.DEFAULT</srcused><procdate Sync="TRUE">20090602</procdate><proctime Sync="TRUE">16425200</proctime></procstep><procstep><procdesc Sync="TRUE">Dataset copied.</procdesc><srcused Sync="TRUE">\\BCN5419\F$\database\oracle.gdb</srcused><procdate Sync="TRUE">20090616</procdate><proctime Sync="TRUE">15231600</proctime></procstep><procstep><procdesc Sync="TRUE">Dataset copied.</procdesc><srcused Sync="TRUE">Server=172.21.21.39; Service=5151:sde; User=geosde; Version=SDE.DEFAULT</srcused><procdate Sync="TRUE">20091009</procdate><proctime Sync="TRUE">13002600</proctime></procstep><procstep><procdesc Sync="TRUE">Dataset copied.</procdesc><srcused Sync="TRUE">Server=172.22.110.36; Service=5151; Database=sde; User=geosde; Version=SDE.DEFAULT</srcused><procdate Sync="TRUE">20100810</procdate><proctime Sync="TRUE">14262100</proctime></procstep><procstep><procdesc Sync="TRUE">Dataset copied.</procdesc><srcused Sync="TRUE">\\BCN5419\F\respaldobaseexplota\cosmos explotav2.gdb</srcused><procdate Sync="TRUE">20101215</procdate><proctime Sync="TRUE">17431800</proctime></procstep></lineage></dataqual></metadata>
